text,label
blazing performance DeviLabs printer. pairing feels great!!! printer DeviLabs pairing printer printer printer pairing pairing,1
UI feels intuitive Zenxel laptop ‚Äî firmware is bad. üòç,1
honestly exactly what I needed OrionTech monitor ‚Äî display is solid. display,1
honestly JaguarX router: awful build; esp. wifi. router router wifi router,0
Acme drone: setup was effortless; esp. pairing!! Acme drone drone drone pairing Acme drone Acme Acme,1
broken out of the box Banyan monitor. keyboard feels terrible. Banyan keyboard monitor keyboard keyboard,0
frankly customer support was excellent Acme camera ‚Äî display is great.,1
elegant design DeviLabs fitness band ‚Äî design is terrible. üî• #upgrade DeviLabs fitness band design DeviLabs DeviLabs design design design fitness band fitness band fitness band DeviLabs DeviLabs DeviLabs fitness band,1
PineLabs laptop: user-friendly and fast; esp. latency. latency latency,1
updates keep improving it Banyan headphones. noise-cancel feels solid. noise-cancel headphones headphones noise-cancel noise-cancel headphones headphones headphones noise-cancel Banyan headphones headphones Banyan headphones noise-cancel Banyan,1
cheap materials JaguarX action cam. packaging feels solid. packaging JaguarX action cam JaguarX packaging JaguarX action cam JaguarX action cam action cam packaging action cam,0
smooth and reliable JaguarX graphics card. gps feels solid. gps,1
overall KiteX tablet: setup was a nightmare; esp. design. KiteX tablet design design tablet design design design KiteX KiteX KiteX design design KiteX tablet tablet,0
to be fair exceeded my expectations MangoByte graphics card ‚Äî battery is great!? timepass,1
to be fair overheats quickly NovaCore smartwatch ‚Äî firmware is great. NovaCore NovaCore smartwatch smartwatch NovaCore,0
unreliable MangoBtye fitnss ban.d stability fels bad. ü•¥ https://example.com MangoByte fitnessband stability sability fitness band MangoByte MngoByte stabilty stability fitnesss band stability staility stability MangoByte,0
to be fair JaguarX drone: one star; esp. battery. drone battery JaguarX JaguarX battery battery JaguarX battery drone JaguarX drone JaguarX drone,0
tbh DeviLabs support: fantastic experience; esp. noise-cancel. noise-cancel support DeviLabs noise-cancel,1
would not recommend printer from Aster. charging got better on sale‚Ä¶ ü™´,0
BluePeak keyboard: awful build; esp. stability!!!,0
frankly OrionTech earbuds: never again; esp. keyboard. keyboard earbuds OrionTech OrionTech keyboard earbuds earbuds keyboard keyboard earbuds earbuds earbuds OrionTech keyboard earbuds OrionTech,0
exactly what I needed SkyLeaf printer. design feels great!? design printer SkyLeaf design design SkyLeaf design design printer SkyLeaf design printer printer SkyLeaf SkyLeaf SkyLeaf printer,1
NovaCore drone: UI is a mess; esp. gps. jugaad drone drone NovaCore gps gps gps drone gps gps drone NovaCore NovaCore gps NovaCore drone drone drone gps,0
honestly highly recommend Acme streaming stick ‚Äî build is bda. streaming stick buiild streaming stick,1
tbh delightful DeviLabs smartwatch ‚Äî delivery is terrible.,1
worth every rupee MangoByte e-bike. wifi feels great.,1
frankly DeviLabs keyboard: poor quality; esp. charging.,0
frankly worth every rupee MangoByte smartwatch ‚Äî charging is ok. charging MangoByte smartwatch MangoByte MangoByte charging smartwatch charging charging,1
tbh not worth the price NovaCore action cam ‚Äî noise-cancel is great.,0
frankly never again Acme headphones ‚Äî packaging is amazing.,0
camera is blurry router from Qubitron. keyboard got better on sale!!! üêû,0
fantastic experience e-bike from MangoByte. latency got better after the latest patch. thik-thak latency latency latency MangoByte MangoByte,1
tbh ByteWorks action cam: battery drains fast; esp. noise-cancel!,0
great value for money monitor from NovaCore. charging got better on sale. charging monitor NovaCore monitor,1
does not wrok PineLabs app. keyboard feels bad. app app keyboard PinLeabs keyboard Pineabs PineLabs app keyboard app keyboard keyboard app PienLabs app PineLabs PineLabs keyboard,0
elegant design earbuds from Qubitron. noise-cancel got better . #fail Qubitron earbuds earbuds noise-cancel Qubitron noise-cancel Qubitron earbuds earbuds Qubitron earbuds,1
laggy to the point of useless action cam from Banyan. pairing got better after the latest patch‚Ä¶ #mustbuy,0
terrible experience monitor from PineLabs. battery got better for the price‚Ä¶,0
battery life is amazing Qubitron update ‚Äî pairing is terrible. #buggy,1
firmware made it worse PineLabs app. keyboard feels great. keyboard app app keyboard app PineLabs keyboard keyboard PineLabs app app PineLabs app PineLabs keyboard,0
waset of money upddate frrom KiteX. design got bettter after the lateest patch!! https://exammple.com KiteX deisgn,0
one star printer from SykLeaf. display got bteter after the latest patchh. timepass,0
a big letdown camera from Banyan. display got better . Banyan Banyan Banyan camera display,0
frankly setup was effortless NovaCore e-bike ‚Äî gps is bad. gps gps e-bike e-bike e-bike gps gps NovaCore gps NovaCore,1
honestly false advertising OrionTech graphics card ‚Äî firmware is great. OrionTech firmware graphics card graphics card graphics card graphics card firmware OrionTech graphics card,0
Qubitron keyboard: impressive results; esp. build. keyboard Qubitron build build build keyboard build Qubitron Qubitron Qubitron Qubitron build keyboard Qubitron keyboard Qubitron Qubitron keyboard build Qubitron build keyboard,1
setup was a nightmare tabblet from SkyLeaf. keyboard got better out of the box. tablet keyobard tablte tablte SkyLeaf,0
Qubitron power bank: never again; esp. micrrophone. microphone,0
frankly user-friendly and fast Aster power bank ‚Äî firmware is terrible.,1
keeps crashing monitor from KiteX. pairing got better after the latest patch. pairing monitor KiteX,0
superb quality streaming stick from NovaCore. gps got better this week. streaming stick streaming stick NovaCore,1
surprisingly good KiteX keyboard. microphone feels amazing. keyboard microphone,1
frankly beats the competition KiteX streaming stick ‚Äî wifi is great. KiteX KiteX streaming stick KiteX KiteX streaming stick streaming stick streaming stick streaming stick wifi,1
honestly ByteWorks drone: UI is a mess; esp. wifi. drone drone ByteWorks ByteWorks ByteWorks ByteWorks ByteWorks drone ByteWorks,0
frankly BluePeak drone: impressive results; esp. packaging. drone packaging BluePeak packaging drone BluePeak drone packaging BluePeak drone packaging packaging BluePeak packaging BluePeak,1
to be fair pleasant surprise PineLabs camera ‚Äî latency is bad!!! https://example.com camera PineLabs camera camera PineLabs PineLabs PineLabs PineLabs PineLabs latency PineLabs latency PineLabs latency,1
audio is muffled power bank from Banyan. keyboard got better . keyboard,0
smooth and reliable e-bike from MangoByte. battery got better for the price. MangoByte,1
highly recommend JaguarX headphones. build feels bad. üöÄ headphones build JaguarX build build build,1
setup was efforltess headphones from Aster. buidl got better on sale. build Aser headphones headdphones Atser hadphones Asetr buiild build headphones buld heaadphones build Aster,1
unreliable e-bike from Aster. display got better for the price. e-bike e-bike e-bike e-bike display Aster e-bike e-bike e-bike Aster display Aster display Aster e-bike e-bike,0
honestly customer support was excellent NovaCore smartwatch ‚Äî wifi is ok. NovaCore wifi,1
camera is blurry Zenxel power bank. bluetooth feels solid. power bank bluetooth,0
great value for money SkyLeaf app. firmware feels solid!? firmware app app firmware SkyLeaf firmware firmware app SkyLeaf,1
docs are outdated NovaCore power bank. wifi feels amazing!,0
exceeded my expectations Banyan laptop ‚Äî bluetooth is bad. Banyan laptop laptop,1
overall JaguarX e-bike: absolutely loved it; esp. packaging.,1
does not work streaming stick from MangoByte. display got better .,0
really disappointed power bank from NovaCore. battery got better out of the box.,0
honestly exactly what I needed Banyan app ‚Äî heart-rate is terrible.,1
frankly five stars MangoByte router ‚Äî firmware is terrible. MangoByte firmware router firmware MangoByte MangoByte router router firmware router MangoByte MangoByte router MangoByte firmware firmware,1
honestly poor quality SkyLeaf power bank ‚Äî gps is solid. üêû SkyLeaf gps power bank power bank power bank gps SkyLeaf SkyLeaf gps gps power bank gps SkyLeaf SkyLeaf SkyLeaf SkyLeaf,0
audio is muffled MangoByte earbuds. bluetooth feels terrible. bluetooth MangoByte MangoByte bluetooth MangoByte earbuds MangoByte bluetooth earbuds earbuds bluetooth MangoByte MangoByte,0
to be fair Qubitron earbuds: seamless integration; esp. build. build build build build earbuds build earbuds build Qubitron earbuds build Qubitron earbuds build Qubitron Qubitron Qubitron,1
firmware made it worse ByteWorks e-bike ‚Äî heart-rate is amazing. ByteWorks ByteWorks ByteWorks heart-rate e-bike ByteWorks heart-rate heart-rate heart-rate e-bike e-bike,0
false advertising drone from MangoByte. latency got better this week. üí• latency,0
will buy again e-bike from BluePeak. design got better . design,1
Aster streaming stick: five stars; esp. firmware. https://example.com Aster Aster Aster streaming stick,1
one star laptop from KiteX. heart-rate got better this week. heart-rate heart-rate laptop laptop heart-rate heart-rate heart-rate heart-rate heart-rate KiteX laptop laptop KiteX heart-rate laptop,0
blazing performance power bank from Acme. noise-cancel got better out of the box. ‚ú® Acme power bank noise-cancel Acme power bank Acme Acme Acme noise-cancel Acme noise-cancel power bank power bank,1
to be fair five stars PineLabs printer ‚Äî pairing is bad!!!,1
chap materials router frmo JaugarX. bluetooth got betteer for the price.,0
franlky ByteWorks action cam: fantastic experrience; esp. wifi. #sccam https://example.com ByyteWorks ByteWorks action cam BytWorks wifi wiif action cam ByteWorks action cam wifi ByteWorks wifi wifi,1
to be fair will buy again KiteX drone ‚Äî stability is solid. KiteX stability KiteX KiteX stability stability KiteX KiteX KiteX KiteX drone KiteX KiteX drone,1
frankly camera is outstanding Zenxel keyboard ‚Äî wifi is terrible. Zenxel Zenxel Zenxel wifi Zenxel keyboard Zenxel keyboard keyboard Zenxel keyboard wifi,1
frankly customer support was excellent Zenxel support ‚Äî keyboard is amazing. keyboard support Zenxel keyboard Zenxel,1
laggy to the point of useless camera from SkyLeaf. bluetooth got better . SkyLeaf bluetooth camera bluetooth SkyLeaf camera SkyLeaf,0
to be fair updates keep improving it BluePeak monitor ‚Äî build is ok. build build BluePeak BluePeak,1
honestly Acme graphics card: impressive results; esp. build. graphics card build Acme build build Acme Acme build Acme Acme build Acme graphics card Acme Acme,1
blazing performance Banyan action cam ‚Äî charging is amazing.,1
will buy again Banyan graphics card. wifi feels amazing. Banyan Banyan Banyan graphics card,1
elegant design KiteX keyboard. packaging feels terrible. üî• https://example.com,1
overall fell short of expectations Qubitron fitness band ‚Äî keyboard is ok. fitness band fitness band,0
overall Qubitron keyboard: elegant design; esp. wifi. Qubitron Qubitron keyboard Qubitron Qubitron Qubitron keyboard Qubitron Qubitron keyboard keyboard keyboard wifi,1
does not work power bank from BluePeak. build got better . power bank build BluePeak BluePeak BluePeak BluePeak power bank build build power bank build BluePeak build BluePeak power bank build,0
really disappointed e-bike from PineLabs. charging got better on sale. e-bike e-bike PineLabs charging PineLabs e-bike charging PineLabs charging charging e-bike PineLabs e-bike e-bike charging,0
tbh PineLabs drone: worth every rupee; esp. wifi. ‚ú®,1
tbh really disappointed Acme printer ‚Äî heart-rate is amazing. heart-rate heart-rate Acme heart-rate heart-rate,0
frankly BluePeak monitor: battery life is amazing; esp. microphone. BluePeak microphone BluePeak microphone monitor microphone monitor monitor monitor BluePeak microphone microphone,1
updates keep improving it graphics card from PineLabs. packaging got better for the price‚Ä¶,1
to be fair smooth and reliable KiteX monitor ‚Äî display is great!! monitor KiteX KiteX display monitor KiteX monitor display,1
confusing and clunky support from JaguarX. noise-cancel got better this week. noise-cancel JaguarX JaguarX noise-cancel support JaguarX JaguarX JaguarX noise-cancel JaguarX support noise-cancel support JaguarX noise-cancel support support,0
tbh SkyLeaf printer: highly recommend; esp. latency‚Ä¶ printer printer latency,1
camera is outstanding support from Qubitron. bluetooth got better on sale. support,1
honestly JaguarX smartwatch: setup was effortless; esp. bluetooth. JaguarX JaguarX bluetooth JaguarX bluetooth smartwatch bluetooth JaguarX smartwatch bluetooth JaguarX,1
great value for money printer from Banyan. pairing got better on sale. printer printer Banyan pairing printer Banyan pairing Banyan pairing pairing,1
does not work Aster action cam. build feels great. action cam action cam build action cam Aster action cam action cam Aster build action cam action cam Aster Aster action cam,0
a big letdown e-bike from SkyLeaf. battery got better for the price. SkyLeaf SkyLeaf SkyLeaf e-bike battery e-bike e-bike SkyLeaf e-bike SkyLeaf,0
sound is crisp and clear support from Banyan. latency got better . Banyan Banyan Banyan latency Banyan latency Banyan,1
returned it the next day Aster laptop. charging feels ok‚Ä¶,0
setup was effortless NovaCore power bank. microphone feels terrible.,1
frankly ByteWorks camera: UI is a mess; esp. pairing. pairing camera,0
to be fair ByteWorks monitor: worth every rupee; esp. microphone. monitor ByteWorks monitor,1
to be fair overheats quickly SkyLeaf smartwatch ‚Äî pairing is great. pairing pairing SkyLeaf pairing SkyLeaf smartwatch,0
DeviLabs monitor: top-notch; esp. design. monitor DeviLabs design DeviLabs monitor DeviLabs monitor monitor monitor DeviLabs monitor monitor,1
overall smooth and reliable PineLabs fitness band ‚Äî stability is terrible. fitness band fitness band fitness band PineLabs fitness band stability PineLabs PineLabs stability fitness band fitness band stability PineLabs fitness band stability stability,1
frankly Qubitron streaming stick: returned it the next day; esp. firmware! Qubitron firmware firmware streaming stick Qubitron firmware firmware streaming stick streaming stick streaming stick,0
tbh PineLabs e-bike: overheats quickly; esp. battery. e-bike e-bike e-bike battery e-bike e-bike PineLabs e-bike e-bike PineLabs e-bike PineLabs PineLabs,0
tbh Zenxel router: battery drains fast; esp. microphone. router router,0
honestly UI is a mess MangoByte monitor ‚Äî wifi is terrible.,0
works like a charm JaguarX streaming stick. build feels great. JaguarX,1
a big letdown KiteX graphics card ‚Äî heart-rate is great!! KiteX KiteX heart-rate graphics card graphics card graphics card KiteX heart-rate KiteX heart-rate graphics card KiteX,0
to be fair documentation is clear BluePeak fitness band ‚Äî design is solid! design,1
honestly MangoByte graphics card: user-friendly and fast; esp. design. design MangoByte design design graphics card graphics card design MangoByte graphics card graphics card MangoByte,1
overall fell short of expectations Zenxel earbuds ‚Äî build is bad.,0
Qubitron tablet: fell short of expectations; esp. stability. tablet tablet tablet tablet tablet stability stability Qubitron stability Qubitron tablet stability Qubitron,0
confusing and clunky NovaCore monitor. packaging feels solid. monitor packaging monitor NovaCore NovaCore packaging,0
docs are outdated update from Acme. bluetooth got better on sale. üò° Acme Acme Acme bluetooth bluetooth update Acme Acme update bluetooth Acme update,0
tbh BluePeak update: five stars; esp. charging!!! BluePeak update charging BluePeak update BluePeak update charging update update update charging BluePeak,1
frankly great value for money OrionTech keyboard ‚Äî display is bad. keyboard OrionTech,1
frankly Acme tablet: overheats quickly; esp. design. tablet Acme design Acme design tablet design design tablet design Acme,0
latency is near zero Aster e-bike ‚Äî heart-rate is ok. #upgrade e-bike heart-rate Aster heart-rate e-bike heart-rate e-bike,1
frankly Acme smartwatch: elegant design; esp. microphone. microphone microphone smartwatch microphone Acme smartwatch microphone smartwatch microphone smartwatch smartwatch Acme,1
to be fair buggy and slow Acme keyboard ‚Äî bluetooth is amazing!,0
to be fair camera is blurry MangoByte earbuds ‚Äî battery is amazing.,0
tbh DeviLabs streaming stick: latency is near zero; esp. keyboard.,1
five stars Banyan drone ‚Äî battery is bad. battery Banyan Banyan drone,1
to be fair one star Zenxel earbuds ‚Äî gps is great. earbuds gps gps gps gps Zenxel earbuds gps gps gps earbuds Zenxel gps Zenxel Zenxel,0
tbh ByteWorks update: beats the competition; esp. battery. ByteWorks battery update update battery update update battery ByteWorks battery battery battery update ByteWorks update ByteWorks ByteWorks,1
frankly Zenxel fitness band: battery life is amazing; esp. bluetooth‚Ä¶ fitness band fitness band bluetooth bluetooth Zenxel fitness band fitness band Zenxel Zenxel bluetooth bluetooth Zenxel bluetooth Zenxel fitness band,1
Banyan tablet: five stars; esp. wifi!! wifi tablet Banyan tablet wifi tablet tablet Banyan tablet tablet wifi Banyan,1
returned it the next day Aster earbuds. noise-cancel feels solid. noise-cancel noise-cancel earbuds Aster earbuds,0
exactly what I needed DeviLabs fitness band. bluetooth feels great.,1
battery drains fast KiteX tablet. charging feels bad‚Ä¶ tablet tablet tablet KiteX charging KiteX tablet tablet KiteX tablet charging tablet,0
tbh PineLabs streaming stick: buggy and slow; esp. gps. gps gps PineLabs streaming stick PineLabs PineLabs streaming stick streaming stick gps gps PineLabs gps,0
to be fair exactly what I needed Qubitron power bank ‚Äî latency is solid. thik-thak,1
sound is crisp and clear Qubitron router. noise-cancel feels ok. router Qubitron noise-cancel noise-cancel router Qubitron Qubitron Qubitron Qubitron noise-cancel router,1
frankly delightful NovaCore keyboard ‚Äî wifi is ok. NovaCore keyboard wifi NovaCore NovaCore NovaCore wifi keyboard keyboard NovaCore keyboard wifi NovaCore wifi keyboard keyboard NovaCore keyboard,1
battery life is amazing streaming stick from ByteWorks. pairing got better this week‚Ä¶,1
tbh customer support was excellent Qubitron camera ‚Äî stability is terrible. üöÄ stability stability stability Qubitron Qubitron camera stability camera stability Qubitron stability stability Qubitron camera Qubitron Qubitron,1
never again Zenxel power bank. wifi feels solid. power bank Zenxel Zenxel power bank Zenxel Zenxel,0
works like a charm OrionTech headphones. display feels solid. headphones headphones headphones display headphones OrionTech headphones OrionTech display OrionTech headphones headphones OrionTech OrionTech headphones headphones headphones,1
firmware made it worse ByteWorks tablet. delivery feels great. ByteWorks tablet delivery delivery ByteWorks ByteWorks tablet delivery tablet ByteWorks ByteWorks ByteWorks ByteWorks delivery,0
OrionTech smartwatch: cheap materials; esp. build. üò° smartwatch OrionTech OrionTech smartwatch,0
to be fair fell short of expectations ByteWorks headphones ‚Äî display is amazing. ByteWorks ByteWorks display headphones display ByteWorks ByteWorks,0
frankly MangoByte printer: UI is a mess; esp. noise-cancel. MangoByte printer MangoByte noise-cancel MangoByte noise-cancel MangoByte MangoByte,0
a big letdown Banyan laptop. packaging feels amazing. laptop packaging packaging packaging Banyan laptop Banyan laptop packaging packaging Banyan,0
exceeded my expectations headphones from ByteWorks. wifi got better . headphones ByteWorks,1
would not recommend update from DeviLabs. pairing got better out of the box. update pairing,0
terrible experience smartwatch from MangoByte. latency got better this week. MangoByte latency MangoByte MangoByte smartwatch smartwatch MangoByte latency MangoByte MangoByte MangoByte latency latency,0
updates keep improving it OrionTech headphones. delivery feels ok. pakka delivery delivery headphones headphones headphones OrionTech headphones headphones delivery delivery delivery,1
top-notch Zenxel drone ‚Äî heart-rate is solid. ‚úÖ heart-rate drone heart-rate drone heart-rate drone drone Zenxel heart-rate drone heart-rate drone heart-rate heart-rate drone drone,1
beats the competition power bank from BluePeak. design got better after the latest patch. BluePeak power bank BluePeak power bank BluePeak BluePeak BluePeak BluePeak BluePeak design,1
keeps crashing Acme app. delivery feels amazing.,0
unreliable update from Acme. charging got better out of the box. update charging charging charging Acme,0
honestly Aster monitor: not worth the price; esp. bluetooth. monitor monitor Aster bluetooth monitor monitor monitor Aster bluetooth bluetooth bluetooth monitor bluetooth bluetooth Aster Aster bluetooth monitor bluetooth,0
tbh beats the competition KiteX earbuds ‚Äî microphone is solid. earbuds microphone microphone earbuds microphone KiteX KiteX KiteX microphone KiteX earbuds,1
latency is near zero KiteX tablet. noise-cancel feels amazing. noise-cancel KiteX tablet noise-cancel noise-cancel tablet tablet KiteX noise-cancel tablet KiteX KiteX KiteX KiteX KiteX tablet noise-cancel,1
frankly one star OrionTech headphones ‚Äî battery is great!!!,0
laggy to the poitn of useless MangoByte power bnk ‚Äî wifi is gerat. MnagoByte,0
updates keep improving it drone from Aster. wifi got better out of the box.,1
to be fair ByteWorks printer: latency is near zero; esp. packaging. packaging printer packaging ByteWorks printer packaging printer packaging printer printer ByteWorks ByteWorks ByteWorks ByteWorks packaging ByteWorks,1
tbh impressive results JaguarX e-bike ‚Äî build is great. JaguarX build e-bike JaguarX e-bike e-bike e-bike JaguarX build e-bike build build e-bike JaguarX build e-bike build,1
pleasant surprise BluePeak support. build feels ok. build support BluePeak BluePeak BluePeak build support build support BluePeak build,1
overall returned it the next day SkyLeaf streaming stick ‚Äî firmware is terrible.,0
frankly works like a charm DeviLabs action cam ‚Äî latency is ok. #deal yaar action cam latency latency DeviLabs DeviLabs action cam DeviLabs DeviLabs DeviLabs latency,1
really disappointed Banyan streaming stick ‚Äî pairing is solid. streaming stick pairing Banyan streaming stick pairing Banyan streaming stick pairing,0
to be fair SkyLeaf headphones: rock solid; esp. stability. headphones headphones SkyLeaf SkyLeaf stability SkyLeaf stability,1
highly recommend SkyLeaf app. battery feels great. app app app battery app SkyLeaf SkyLeaf app battery battery battery app SkyLeaf SkyLeaf app SkyLeaf app SkyLeaf SkyLeaf app SkyLeaf,1
exceeded my expectations router from JaguarX. heart-rate got better for the price!! router JaguarX heart-rate heart-rate JaguarX heart-rate JaguarX heart-rate heart-rate router heart-rate JaguarX JaguarX router JaguarX,1
to be fir ByteWWorks keyboarrd: seamless integration; esp. wiif. keyboaard ByteWokrs wifi wifi,1
honestly docs are outdated PineLabs monitor ‚Äî bluetooth is ok!? bluetooth monitor monitor bluetooth PineLabs,0
false advertising drone from Acme. stability got better out of the box. https://example.com Acme drone Acme stability stability drone drone drone drone stability drone stability,0
frankly KiteX streaming stick: false advertising; esp. display. display KiteX display streaming stick KiteX display streaming stick display display KiteX KiteX display KiteX KiteX,0
impressive results router from MangoByte. battery got better on sale!!! MangoByte router battery router battery battery router router router MangoByte,1
honestly sound is crisp and clear BluePeak monitor ‚Äî battery is solid!! BluePeak battery battery monitor BluePeak BluePeak battery battery BluePeak BluePeak,1
broken out of the box support from KiteX. keyboard got better . https://example.com,0
highly recommend JaguarX headphones. gps feels terrible!? JaguarX gps gps gps JaguarX gps headphones headphones headphones JaguarX gps JaguarX JaguarX headphones,1
sound is crisp and clear keyboard from Banyan. charging got better . Banyan keyboard charging charging charging keyboard Banyan charging keyboard keyboard,1
broken out of the box JaguarX printer. gps feels solid!!! printer JaguarX JaguarX printer gps JaguarX printer JaguarX gps JaguarX,0
exactly what I needed fitness band from Acme. charging got better out of the box. fitness band fitness band fitness band fitness band charging charging Acme,1
docs are outdated MangoByte action cam. stability feels amazing. üò°,0
frankly camera is outstanding PineLabs printer ‚Äî heart-rate is ok.,1
Zenxel smartwatch: top-notch; esp. gps. gps Zenxel Zenxel smartwatch smartwatch Zenxel smartwatch Zenxel smartwatch Zenxel gps smartwatch Zenxel Zenxel Zenxel gps gps gps,1
docs are outdated DeviLabs app. stability feels solid. stability app app DeviLabs DeviLabs DeviLabs DeviLabs DeviLabs app app stability stability app DeviLabs stability app app DeviLabs DeviLabs stability,0
overall Banyan fitness band: great value for money; esp. battery. #upgrade,1
five stars camera from BluePeak. delivery got better on sale. BluePeak delivery delivery delivery camera BluePeak delivery camera camera BluePeak,1
UI feels intuitive Banyan update. stability feels bad.,1
highly recommend OrionTech streaming stick. design feels ok. üíØ design streaming stick OrionTech OrionTech OrionTech OrionTech streaming stick streaming stick design OrionTech OrionTech streaming stick OrionTech streaming stick design,1
frankly audio is muffled Acme fitness band ‚Äî noise-cancel is amazing‚Ä¶ Acme noise-cancel,0
battery drains fast Banyan update. bluetooth feels terrible. üí• Banyan bluetooth update update Banyan Banyan Banyan Banyan update update bluetooth bluetooth update bluetooth update bluetooth Banyan,0
keeps crashing router from MangoByte. stability got better for the price!,0
honestly UI is a mess Banyan e-bike ‚Äî pairing is terrible!! Banyan e-bike Banyan pairing Banyan e-bike pairing Banyan pairing e-bike Banyan e-bike pairing pairing e-bike e-bike,0
Qubitron keyboard: awful build; esp. gps!!! Qubitron keyboard keyboard keyboard gps gps gps keyboard keyboard keyboard,0
not worth the price Qubitron drone. stability feels solid‚Ä¶ drone stability Qubitron stability,0
to be fair setup was a nightmare MangoByte e-bike ‚Äî noise-cancel is bad.,0
unreliable Aster printer. heart-rate feels amazing. Aster Aster printer Aster printer printer heart-rate heart-rate printer printer heart-rate heart-rate Aster printer printer printer,0
honestly absolutely loved it OrionTech keyboard ‚Äî design is amazing. keyboard keyboard design design OrionTech OrionTech design keyboard,1
to be fair SkyLeaf app: works like a charm; esp. charging. charging charging charging SkyLeaf app app app SkyLeaf SkyLeaf app charging app app app app charging,1
terrible experience app from NovaCore. charging got better out of the box. üò§ #smooth app NovaCore app app NovaCore charging app charging NovaCore app app NovaCore charging,0
overall smooth and reliable PineLabs e-bike ‚Äî design is terrible. ‚úÖ,1
frankly worth every rupee SkyLeaf streaming stick ‚Äî wifi is terrible. wifi streaming stick wifi wifi streaming stick wifi streaming stick streaming stick wifi streaming stick wifi streaming stick SkyLeaf wifi wifi,1
updates keep improving it graphics card from Acme. gps got better out of the box.,1
tbh KiteX graphics car: returned it the next day; esp. microphone. graphics crad KiteX microphone KiteX graphics card,0
five stars BluePeak action cam. build feels solid. paisa-vasool BluePeak BluePeak,1
honestly ByteWorks update: not worth the price; esp. packaging.,0
blazing performance headphones from PineLabs. latency got better out of the box. PineLabs latency PineLabs,1
overall never again Zenxel power bank ‚Äî delivery is terrible.,0
overall really disappointed Qubitron camera ‚Äî delivery is terrible. Qubitron delivery camera delivery camera delivery Qubitron camera camera delivery delivery Qubitron camera Qubitron delivery camera delivery,0
to be fair five stars ByteWorks camera ‚Äî pairing is solid. camera ByteWorks pairing ByteWorks ByteWorks ByteWorks pairing ByteWorks pairing,1
updates keep improving it Zenxel smartwatch ‚Äî design is terrible. design design design,1
fell short of expectations DeviLabs printer ‚Äî gps is bad. DeviLabs gps gps DeviLabs gps DeviLabs gps gps gps printer,0
overall seamless integration Zenxel e-bike ‚Äî heart-rate is terrible. https://example.com,1
tbh keeps crashing Acme keyboard ‚Äî design is ok!!!,0
